cluster,theme,summary,error
2,"**""Climate legal accountability""**","The International Court of Justice (ICJ) has issued a historic advisory opinion on climate change, emphasizing states' legal obligations to combat the crisis. The ruling highlights principles like ""polluter pays"" and underscores the urgency of global action. This landmark decision sets a precedent for climate accountability under international law. (38 words)",
3,"""Independent investigative journalism""","These posts from *The Independent* and affiliated outlets cover diverse news topics—sports, security, entertainment, health, and football—while consistently emphasizing the outlet’s commitment to in-depth, independent journalism on pressing issues like reproductive rights, climate change, and Big Tech. Each piece aims to inform readers while subtly reinforcing the publication’s mission to deliver timely, investigative reporting. (49 words)",
7,"**""Water resilience""**","Global leaders and organizations are prioritizing **sustainable water management** to combat climate change, pollution, and water insecurity. Efforts include **restoring wetlands, upgrading infrastructure, tracking freshwater health, and promoting equitable access**—all while fostering cross-border cooperation. The shared goal is to **protect ecosystems, adapt to extreme weather, and ensure clean water for all** through investment, innovation, and policy action. (99 words)",
8,"""Plastic treaty failure""","Negotiations for a global plastics treaty have stalled or collapsed, despite strong support from over 100 countries pushing for meaningful action against plastic pollution. The crisis remains urgent, with growing environmental harm and industry resistance hindering progress. Advocates urge leaders to prioritize planetary health over corporate interests. (39 words)",
9,"**""Climate rollbacks""**","The EPA, under Administrator Lee Zeldin, is aggressively rolling back climate protections by eliminating greenhouse gas limits for power plants, weakening corporate reporting requirements, and dismantling environmental regulations—actions critics argue prioritize industry over public health and climate safety. These moves signal a major shift away from climate action, sparking outrage among advocates urging resistance. (49 words)",
10,"**""Water pollution crisis""**","Europe’s water pollution crisis is worsening, with rising incidents threatening ecosystems, drinking water, and public health. Public demand for accountability is strong, with many supporting harsh penalties—like prison—for executives responsible for severe pollution. Urgent action is needed to address chemical and sewage contamination, as slow regulatory responses fail to protect vital water resources. (49 words)",
11,"**""Science under attack""**

*(Alternative options: ""Anti-science propaganda"" or ""Junk science erosion"")*","These posts collectively criticize the spread of **junk science, disinformation, and anti-science rhetoric**, particularly from influential figures or administrations. The authors express frustration over **misleading reports, unprofessional claims, and the erosion of scientific integrity**, often blaming political or ideological agendas. Some call for **greater accountability**, including limits on executive power, to combat the misuse of science for propaganda. (49 words)",
12,"**""Starry night preservation""**","These posts share a deep appreciation for the beauty of dark, unpolluted night skies—whether through photography, stargazing, or art. They highlight the contrast between urban light pollution and the clarity of rural or remote skies, where the Milky Way, stars, and celestial events shine vividly. The intent is to inspire awe, nostalgia, and a call to seek or preserve natural darkness for its wonder and tranquility. (50 words)",
14,"**""Fossil fuel deception""**","These posts collectively critique the fossil fuel industry’s misleading narratives, highlighting that hydrogen production, methane extraction, and oil/gas expansion worsen climate change by emitting potent greenhouse gases (CO₂ and methane). They emphasize that current practices—like exporting methane or promoting ""low-emission"" solutions—fail to address the urgent need to halt fossil fuel dependence. The shared message: reducing emissions requires ending fossil fuel extraction, not greenwashing it. (99 words)",
16,"**""EV transition barriers""**","EVs represent a disruptive, tech-driven shift toward cleaner transportation, reducing emissions and improving urban air quality. However, resistance from legacy automakers, regulatory rollbacks, and market barriers—like Canada’s uncompetitive policies—hinder adoption. Despite challenges, EVs offer sustainability benefits across industries, from personal use to agriculture, driving a necessary transition away from fossil fuels. (60 words)",
18,"**""End fossil fuels""**","These posts collectively urge **immediate action to halt Australia’s fossil fuel expansion**, exposing political and industry tactics that prioritize coal and gas over climate commitments. They criticize government spin, misleading policies (like pro-nuclear rhetoric masking coal dependence), and the hypocrisy of approving new projects while claiming progress on emissions. The shared call: **stop new mines now** to meet climate targets and reject false solutions. (50 words)",
20,"**""Greenwashing deception""**","Many brands engage in **greenwashing**—misleading consumers with false or exaggerated eco-friendly claims to appear sustainable while prioritizing profit over real environmental impact. This deceptive practice is widespread, often disguised through vague language, flashy packaging, or corporate PR. The posts collectively warn against trusting superficial ""green"" marketing without scrutiny. (39 words)",
23,"**""Climate action collaboration""**","These posts collectively highlight **recognition, collaboration, and action in climate change research and solutions**. They celebrate academic achievements (awards, book prizes), promote opportunities (jobs, voting for panels), and emphasize interdisciplinary efforts—from empowering BIPOC girls in STEAM to advancing oceanography and urban health. The shared intent is to **amplify impactful work addressing climate challenges** through education, research, and community engagement. (49 words)",
24,"**""Climate justice action""**","These posts collectively highlight urgent, interdisciplinary efforts to address climate change—through legal action, equitable policy, storytelling, intersectional justice, and critical analysis. They emphasize collaboration, communication, and centering marginalized voices to drive meaningful, inclusive solutions. The shared intent is to mobilize awareness, research, and advocacy for systemic change. *(99 words)*",
28,"**""Insurance Climate Urgency""**","These posts collectively argue that **insurance companies—driven by financial risks—are already treating climate change as a reality**, yet public and policy responses lag behind. They urge individuals to **recognize climate change’s urgency** by engaging with insurers (who act as early warning systems) and advocate for **better regulations and personal preparedness**, like self-insurance, as traditional coverage becomes unreliable. The underlying message: **climate action is overdue, and insurers’ actions prove it.** (99 words)",
29,"**""Capitalism's climate doom""**","These posts share a grim critique of systemic failure, arguing that unchecked capitalism, elite indifference, and short-term economic priorities are accelerating climate collapse. They warn that wealth won’t shield the powerful from catastrophe, yet collective action—like pricing carbon—is resisted in favor of profit-driven denial. The overarching message: humanity faces an existential crisis fueled by greed, and without radical change, we’re hurtling toward irreversible disaster. (99 words)",
30,"**""Aviation decarbonization""**","Governments and industries are accelerating the shift toward **sustainable aviation fuel (SAF)** to slash emissions—with breakthroughs like biofuels cutting greenhouse gases by up to 70%, mandates in countries like Turkey, and U.S. targets of 3 billion gallons by 2030. Research highlights the challenges and costs of decarbonizing aviation, while advocates push for rapid adoption of alternatives like biofuels, green hydrogen, and electrofuels to replace fossil fuels. The collective goal: a greener, fossil-free future for air travel. *(99 words)*",
32,"**""Climate migration crisis""**","Climate change is driving mass migration—projected to displace **1.4–1.5 billion people by 2050**—as unlivable conditions, water scarcity, and collapsing infrastructure force populations to relocate. While often overlooked, this crisis mirrors historical climate-driven migrations but now threatens unprecedented global disruption. Urgent action is needed to address both the causes and the looming humanitarian catastrophe. *(99 words)*",
34,"**""Fascism’s fatal flaws""**","These posts share a grim, urgent critique of fascism’s unsustainability and the exhaustion of resisting it. They highlight frustration with systemic oppression—whether through wasted resources, personal despair, or the inevitability of collapse—while clinging to the hope that fascism will self-destruct before it destroys everything. The underlying message is a mix of defiance, weariness, and the desperate need for lasting change. (99 words)",
41,"""Climate-fueled wildfires""","These posts highlight how climate change is intensifying and extending wildfire seasons, turning once-seasonal disasters into year-round threats. Overpopulation, urban expansion into wildlands, and shifting weather patterns—like altered jet streams—are worsening destruction, endangering lives, homes, and ecosystems. The shared urgency calls for greater awareness and action to address the climate crisis. (49 words)",
43,"**""Coffee climate crisis""**","Climate change is driving up coffee prices by disrupting production, with extreme weather and supply chain issues worsening shortages. Tariffs and corporate price gouging are further inflating costs, making coffee—and other staples like chocolate—far more expensive. Many express frustration over the looming affordability crisis for everyday luxuries. (3 sentences, 50 words)",
44,"**""Oil's Deceptive Greed""**","These posts collectively expose **Big Oil’s manipulative tactics**—denying climate science, shifting blame to consumers, and prioritizing profits over truth—while highlighting their role in accelerating environmental destruction. The shared intent is to **condemn corporate deception** and urge accountability, with calls for policy action (e.g., #climatesuperfund) to counter their influence. Dark humor underscores the absurdity of their gaslighting. *(99 words)*",
46,"""Resource expansion drilling""","Several mining and exploration companies—including HyTerra, Octava Minerals, Haranga Resources, Iltani Resources, and Beacon Minerals—have recently announced drilling programs to assess or expand resource potential, targeting commodities like gold, silver, hydrogen, and natural gas across Australia and the U.S. These updates highlight active exploration efforts to identify and develop high-grade mineral deposits. The common intent is to advance project viability and attract investor interest through strategic drilling initiatives. (50 words)",
47,"**""Sound's dual impact""**","These posts collectively express a **love-hate relationship with drilling noises**—some find them oddly soothing or nostalgic (like at the dentist), while others, especially those with sensory sensitivities or sleep struggles, describe them as **overwhelming, disruptive, or even painful**. The shared intent highlights **how sound affects people differently**, from comfort to distress. (3 sentences, 50 words)",
52,"**""Corporate Climate Accountability""**","Across these posts, a common theme emerges: **communities, tribes, and states are increasingly holding fossil fuel and energy companies accountable for environmental harm and climate damage**, whether through legal victories, new laws, or protests. While corporations and industry groups resist regulation—suing over climate policies or defying court orders—grassroots and governmental efforts are advancing climate justice, from overturning protester convictions to forcing polluters to pay for cleanup. The pushback highlights a growing movement to shift financial and legal responsibility onto those driving the climate crisis. (99 words)",
54,"**""Sustainable luxury fashion""**","Celebrities and brands are championing **sustainable fashion** as the new standard for style, blending eco-conscious choices with high-end trends. From Billie Eilish’s thrifted streetwear to Zendaya’s avant-garde gowns and Calvin Klein’s sustainable basics, **chic, ethical fashion is redefining glamour** across runways and red carpets. Whether it’s wedding dresses or everyday wear, **luxury and responsibility go hand in hand**—proving that looking good doesn’t have to cost the planet.",
57,"**""China's green leap""**","China has surged ahead as the global leader in renewable energy, rapidly expanding solar and wind capacity to meet rising demand while driving innovation. In contrast, the U.S. is criticized for clinging to coal and lagging in green energy adoption, choosing a path seen as outdated. The posts collectively highlight this stark divergence—China’s future-focused strategy versus America’s perceived regression. (49 words)",
60,"**""Cleaning fatigue""**","These posts share a common theme of **exhaustion and the struggle to maintain cleanliness**—whether due to others’ messes, personal energy limits, or health challenges. The writers express frustration with disorder, a deep need for control over their environment, and the mental toll of cleaning when energy is scarce. Ultimately, they seek **peace, comfort, and a sense of order** amid overwhelming demands. (49 words)",
63,"**""Responsible tourism future""**","Across these posts, the shared message emphasizes **sustainable and ethical tourism** as a global priority, highlighting the need to balance economic growth with environmental and social responsibility. Leaders in ASEAN, South Korea, and the hospitality industry are adopting innovative practices to ensure tourism benefits local communities, minimizes harm, and sets new standards for responsible travel. The focus is on inclusivity, long-term resilience, and forward-thinking strategies to shape a more equitable and eco-conscious future. (98 words)",
64,"**""Wealth vs. Welfare""**","These posts collectively criticize proposed policies that prioritize tax cuts for the wealthy and corporations while slashing funding for essential programs—like healthcare, food assistance, clean energy, and education—that support working families, low-income Americans, and seniors. The intent is to highlight the perceived cruelty and recklessness of these cuts, which risk increasing hardship and inequality. The overarching message calls for protecting vulnerable communities over enriching the ultra-rich. (60 words)",
66,"**""MAGA Climate Deception""**","These posts collectively critique the MAGA movement’s denial of climate change, portraying it as a deliberate, cynical strategy—whether to dismiss scientific consensus as ""liberal propaganda,"" suppress public awareness, or shield leaders from accountability for impending crises. The intent is to expose perceived hypocrisy and manipulation, framing climate denial as part of a broader effort to control narratives and prioritize political power over truth. The tone is satirical and accusatory, highlighting frustration with what the authors see as dangerous misinformation. (99 words)",
69,"**""Green Energy Sovereignty""**","The posts collectively emphasize Europe’s push toward energy independence and security through **rapid expansion of renewables, electrification, and green technologies**—like hydrogen and grid interconnections—to reduce reliance on unstable foreign suppliers. While some countries (e.g., Spain) face challenges like policy missteps and investment drops, others highlight successes, such as **cheap, abundant renewable energy** creating new economic dilemmas. The overarching goal is **sovereignty, decarbonization, and resilience** against energy crises. (98 words)",
70,"**""Clean Energy Push""**","These posts collectively advocate for accelerating the clean energy transition, emphasizing its benefits—lower costs, job creation, economic growth, and climate action. They highlight progress (e.g., new projects, reports, and policies) while urging support for initiatives like transmission expansion and government incentives to overcome barriers. The shared intent is to mobilize action and awareness around clean energy’s urgency and potential. (49 words)",
71,"**""Fossil fuel corruption""**","These posts collectively criticize the deep financial and political ties between Trump, Republicans, and the fossil fuel industry, highlighting how corporate donations influence policies—like gutting FEMA—to suppress climate action. They mock Trump’s contradictory stances (e.g., promoting fossil fuels while courting green tech) and suggest his allegiance is driven by money, not principle. The tone is cynical, framing the industry’s lobbying as corrupt and detrimental to public welfare. (50 words)",
72,"**""Renewable Energy Momentum""**","These posts collectively highlight the **global momentum toward renewable energy**, emphasizing its **economic, social, and environmental benefits**. They showcase **corporate initiatives (RE100), community-driven projects, and investment opportunities**—from local impact studies to funding calls—stressing how renewables **empower communities, reduce costs, and drive climate action**. The shared intent is to **promote adoption, share success stories, and inspire further engagement** in the transition. (99 words)",
74,"**""Anti-renewable hypocrisy""**","These posts collectively criticize political opposition to renewable energy, framing it as performative, ideologically driven, and economically harmful. They argue that dismissing clean energy (e.g., solar/wind) as ""bad"" mirrors partisan attacks on DEI or higher education, prioritizing loyalty over facts—while warning that such policies will raise costs and harm future generations. The intent is to expose hypocrisy and rally support for sustainable energy. (50 words)",
76,"""Fossil Fuel Overreach""","House and Senate Republicans are pushing legislation to eliminate clean energy tax credits, threatening hundreds of thousands of jobs, raising household energy costs, and undermining U.S. manufacturing—all while prioritizing fossil fuel interests over economic and environmental progress. The bills aim to dismantle key climate investments, risking job losses and higher bills for families amid rising energy demand. Critics argue the GOP is siding with Big Oil at the expense of American workers and clean energy growth. (98 words)",
81,"**""Trees for Climate""**","These posts collectively emphasize the critical role of trees in combating climate change—whether through reforestation, selecting resilient species for extreme weather, or leveraging trees’ natural ability to absorb carbon, cool urban areas, and reduce energy use. They advocate for proactive planting (e.g., in Dorset or the Sahara) to mitigate warming, restore ecosystems, and harness trees as a low-cost, high-impact climate solution. The shared intent is to inspire action, highlighting trees as both a defense against and a remedy for environmental challenges. (98 words)",
82,"**""Deforestation & Wildlife Crisis""**","These posts highlight how **deforestation—driven by palm oil, meat, soy, and other industries—threatens endangered and vulnerable wildlife** worldwide. They urge consumers to **boycott palm oil and adopt vegan lifestyles** to protect habitats and reduce demand for destructive agriculture. The shared goal is **raising awareness and promoting ethical choices** to support conservation and animal welfare. (49 words)",
85,"**""Climate injustice exposed""**","These posts collectively highlight how **climate change intensifies extreme weather disasters like floods**, disproportionately harming vulnerable groups (e.g., disabled individuals) while political and systemic failures—such as censorship, budget cuts, and inadequate infrastructure—exacerbate the crisis. The intent is to **raise awareness, demand accountability, and urge action** on climate policy and disaster preparedness. (38 words)",
86,"""Deadly Heat Crisis""","These posts collectively highlight the escalating threat of climate change, driven by rising global temperatures. Record-breaking heat—like 2024 and January 2025—is fueling deadly extreme weather, with heatwaves tripling fatalities in Europe and killing thousands annually in the U.S. Experts warn that worsening heat, compounded by aging populations, is making heat-related deaths a growing crisis. (60 words)",
89,"""Wildlife climate crisis""","Climate change is devastating wildlife worldwide, disrupting ecosystems and threatening species survival. From Scottish birds and Antarctic penguins to migratory birds and flying foxes, rising temperatures, shifting habitats, and extreme weather are outpacing adaptation. While protections exist, urgent action is needed to mitigate these irreversible impacts. (39 words)",
90,"""Marine climate crisis""","Climate change is devastating marine ecosystems, disrupting species like southern flounder—whose sex determination is temperature-dependent—and causing drastic declines in gray whale populations. Overfishing, such as krill trawling near Antarctica, further threatens keystone species and carbon-sequestering organisms. While some species, like humpback whales, adapt by shifting habitats, Indigenous communities and vulnerable fish populations face severe disruptions to traditional livelihoods. (99 words)",
91,"**""Climate unease""**","These posts collectively highlight the unsettling reality of climate change through personal observations—unseasonable warmth, erratic weather, and shifting seasonal norms. While some express appreciation for the immediate comforts (like outdoor work or summer perks), there’s an underlying unease about long-term consequences, from disrupted ecosystems to more extreme weather. The tone mixes dark humor, frustration, and nostalgia, underscoring how climate change is reshaping daily life. (60 words)",
92,"**""Climate Denial Backlash""**","These posts share a critical message: **Florida, Louisiana, and North Carolina face severe climate consequences due to decades of political denial, obstruction, and environmental neglect.** The authors argue that leaders and voters in these states have repeatedly rejected climate action, leading to worsening crises—now met with hypocritical or inadequate responses. The tone is frustrated, sarcastic, and unsympathetic, blaming policy failures for the escalating damage. (49 words)",
96,"**""Renewable energy surge""**","These posts highlight a strong push toward **solar and renewable energy adoption** across India and globally. States like Madhya Pradesh and Uttar Pradesh are securing major investments and setting ambitious solar capacity targets, while companies—such as MET Energía España, CleanMax, and Waaree Energies—are advancing partnerships, long-term supply agreements, and innovative solar technologies to accelerate the transition to clean energy. The collective focus underscores **scaling infrastructure, fostering investment, and driving innovation** in the renewable sector. (99 words)",
